Article ID,Title,URL
14752596116109,What's New - March 2023,https://convert.zendesk.com/api/v2/help_center//hc/en-us/articles/14752596116109
13774165443213,What's New - February 2023,https://convert.zendesk.com/api/v2/help_center//hc/en-us/articles/13774165443213
13763412056077,Preventing Flicker in Cloudflare Rocket Loader Integration,https://convert.zendesk.com/api/v2/help_center//hc/en-us/articles/13763412056077
13471967463437,How to create an exit pop-up on Convert with Ouibounce.js,https://convert.zendesk.com/api/v2/help_center//hc/en-us/articles/13471967463437
13014389314445,How to configure GTM  to fire a specific experiment from a GTM Event,https://convert.zendesk.com/api/v2/help_center//hc/en-us/articles/13014389314445
11205619183373,What's new - Nov 2022,https://convert.zendesk.com/api/v2/help_center//hc/en-us/articles/11205619183373
10567454180237,How to re-check experiments programmatically,https://convert.zendesk.com/api/v2/help_center//hc/en-us/articles/10567454180237
10157554451085,Statistical Methods Used,https://convert.zendesk.com/api/v2/help_center//hc/en-us/articles/10157554451085
9705010035341,What's New - September 2022,https://convert.zendesk.com/api/v2/help_center//hc/en-us/articles/9705010035341
9628837863693,"Issue: Google has flagged your site with a ""This site may be hacked""  warning message.",https://convert.zendesk.com/api/v2/help_center//hc/en-us/articles/9628837863693
8949428585869,Deploying the Amazon “Buy with Prime” on Shopify Stores,https://convert.zendesk.com/api/v2/help_center//hc/en-us/articles/8949428585869
8667888807053,What's new - Aug 2022,https://convert.zendesk.com/api/v2/help_center//hc/en-us/articles/8667888807053
7968780453133,What's New - July 2022,https://convert.zendesk.com/api/v2/help_center//hc/en-us/articles/7968780453133
5954695129229,What's New - April 2022,https://convert.zendesk.com/api/v2/help_center//hc/en-us/articles/5954695129229
5571195614477,Tracking Hubspot Forms,https://convert.zendesk.com/api/v2/help_center//hc/en-us/articles/5571195614477
5357237562893,What's New - March 2022,https://convert.zendesk.com/api/v2/help_center//hc/en-us/articles/5357237562893
4511582623117,Cookie size limits and the impact on the use of Convert goals,https://convert.zendesk.com/api/v2/help_center//hc/en-us/articles/4511582623117
4497285947533,What's New - Feb 2022,https://convert.zendesk.com/api/v2/help_center//hc/en-us/articles/4497285947533
4442683563149,Experience Report Smart Recommendations,https://convert.zendesk.com/api/v2/help_center//hc/en-us/articles/4442683563149
4422864179469,Integrate Convert Experiences with Plausible,https://convert.zendesk.com/api/v2/help_center//hc/en-us/articles/4422864179469
4420356215181,Targeting with data provided by Triblio,https://convert.zendesk.com/api/v2/help_center//hc/en-us/articles/4420356215181
4420229829005,Targeting visitors included on Hubspot lists,https://convert.zendesk.com/api/v2/help_center//hc/en-us/articles/4420229829005
4415240400013,Add Revenue Tracking to Shopify via our new Tracking Method,https://convert.zendesk.com/api/v2/help_center//hc/en-us/articles/4415240400013
4412567998221,What is SRM?,https://convert.zendesk.com/api/v2/help_center//hc/en-us/articles/4412567998221
4407190415373,Integrate with Shopify through our Custom Convert App,https://convert.zendesk.com/api/v2/help_center//hc/en-us/articles/4407190415373
4405344635149,Tracking clicks inside iFrame,https://convert.zendesk.com/api/v2/help_center//hc/en-us/articles/4405344635149
4402421565453,Single Page Application (SPA) Troubleshooting Guide,https://convert.zendesk.com/api/v2/help_center//hc/en-us/articles/4402421565453
360062436251,Reducing the goals tracked to increase page performance,https://convert.zendesk.com/api/v2/help_center//hc/en-us/articles/360062436251
360061877131,Integrating with Marketo Personalization Javascript API,https://convert.zendesk.com/api/v2/help_center//hc/en-us/articles/360061877131
360061275252,How to avoid a low Cumulative Layout Shift (CLS) score due to the Google Page Experience Update,https://convert.zendesk.com/api/v2/help_center//hc/en-us/articles/360061275252
360060475271,What's new at Convert - April 2021 Edition,https://convert.zendesk.com/api/v2/help_center//hc/en-us/articles/360060475271
360059870291,Scraping the Purchase Confirmation Page for Revenue Tracking,https://convert.zendesk.com/api/v2/help_center//hc/en-us/articles/360059870291
360059006712,Convert's Code Editors explained,https://convert.zendesk.com/api/v2/help_center//hc/en-us/articles/360059006712
360059299731,What's new at Convert - March 2021 Edition,https://convert.zendesk.com/api/v2/help_center//hc/en-us/articles/360059299731
360058861672,Programmatically personalizing a page using geolocation,https://convert.zendesk.com/api/v2/help_center//hc/en-us/articles/360058861672
360058877931,Integrate Convert Experiences with Google Analytics (legacy ga.js),https://convert.zendesk.com/api/v2/help_center//hc/en-us/articles/360058877931
360058788431,Integrate Convert with GA4 via Google Tag Manager,https://convert.zendesk.com/api/v2/help_center//hc/en-us/articles/360058788431
360058323412,Integrate Convert Experiences with Smartlook,https://convert.zendesk.com/api/v2/help_center//hc/en-us/articles/360058323412
360058296372,Integrate Convert Experiences with RudderStack,https://convert.zendesk.com/api/v2/help_center//hc/en-us/articles/360058296372
360058721511,Convert does not work on Shopify Checkout Pages,https://convert.zendesk.com/api/v2/help_center//hc/en-us/articles/360058721511
360058026432,Integrate with Cookie Consent Management Platforms (CookieConsent.io),https://convert.zendesk.com/api/v2/help_center//hc/en-us/articles/360058026432
360058480471,Integrate with Cookie Consent Management Platforms (Cookiebot),https://convert.zendesk.com/api/v2/help_center//hc/en-us/articles/360058480471
360058310291,Integrate Convert Experiences with Drupal,https://convert.zendesk.com/api/v2/help_center//hc/en-us/articles/360058310291
360057762072,Integrate Convert Experiences with PrestaShop,https://convert.zendesk.com/api/v2/help_center//hc/en-us/articles/360057762072
360058025111,Integrate with Cookie Consent Management Platforms (Civic Cookie Control),https://convert.zendesk.com/api/v2/help_center//hc/en-us/articles/360058025111
360057169472,What's New at Convert - Feb 2021 Edition,https://convert.zendesk.com/api/v2/help_center//hc/en-us/articles/360057169472
360056857252,"Track when a visitor clicks on an element, nth amount of times",https://convert.zendesk.com/api/v2/help_center//hc/en-us/articles/360056857252
360056855932,Activating an Experiment when someone clicks or hovers over a menu item,https://convert.zendesk.com/api/v2/help_center//hc/en-us/articles/360056855932
360056121112,"Experiment Life cycle Events: Executing Code after an variation has been decided, experiment executed, or goal triggered",https://convert.zendesk.com/api/v2/help_center//hc/en-us/articles/360056121112
360056537931,Visual Editor menu does not show,https://convert.zendesk.com/api/v2/help_center//hc/en-us/articles/360056537931
360056333451,Using Basic and Advanced Post segmentation,https://convert.zendesk.com/api/v2/help_center//hc/en-us/articles/360056333451
360056019931,What's New at Convert - Jan 2021 Edition,https://convert.zendesk.com/api/v2/help_center//hc/en-us/articles/360056019931
360052866271,Integrate Convert Experiences with Klaviyo,https://convert.zendesk.com/api/v2/help_center//hc/en-us/articles/360052866271
360052409652,Integrate Convert Experiences with Tealium,https://convert.zendesk.com/api/v2/help_center//hc/en-us/articles/360052409652
360051871572,Integrate Convert Experiences with 6sense API,https://convert.zendesk.com/api/v2/help_center//hc/en-us/articles/360051871572
360052319611,Integrate Convert Experiences with Lucky Orange,https://convert.zendesk.com/api/v2/help_center//hc/en-us/articles/360052319611
360051293092,Integrate Convert Experiences with Zuko,https://convert.zendesk.com/api/v2/help_center//hc/en-us/articles/360051293092
360050295751,Integrate Convert Experiences with Pendo,https://convert.zendesk.com/api/v2/help_center//hc/en-us/articles/360050295751
360050230911,JavaScript Conditions Use Cases,https://convert.zendesk.com/api/v2/help_center//hc/en-us/articles/360050230911
360049978231,Record Conversions when Element is Hovered,https://convert.zendesk.com/api/v2/help_center//hc/en-us/articles/360049978231
360049446531,Create a holdout group and track your goal metrics while testing,https://convert.zendesk.com/api/v2/help_center//hc/en-us/articles/360049446531
360048875672,Applying Changes to Split URL Pages,https://convert.zendesk.com/api/v2/help_center//hc/en-us/articles/360048875672
360048582532,Tracking visitors until they see the element being tested in the page,https://convert.zendesk.com/api/v2/help_center//hc/en-us/articles/360048582532
360048530691,Integrate Convert Experiences with Webflow,https://convert.zendesk.com/api/v2/help_center//hc/en-us/articles/360048530691
360048037332,Integrate Convert Experiences with ClickFunnels,https://convert.zendesk.com/api/v2/help_center//hc/en-us/articles/360048037332
360047275131,Resources: Explore a Demo Project! ,https://convert.zendesk.com/api/v2/help_center//hc/en-us/articles/360047275131
360047125231,Replacing or removing certain parameters on a Split URL experiment,https://convert.zendesk.com/api/v2/help_center//hc/en-us/articles/360047125231
360046206332,Piping Convert Data into GA or GTM,https://convert.zendesk.com/api/v2/help_center//hc/en-us/articles/360046206332
360045754791,Convert API authorization using Python,https://convert.zendesk.com/api/v2/help_center//hc/en-us/articles/360045754791
360045706911,Loading Non-HTTPS / Insecure Content on the Visual Editor,https://convert.zendesk.com/api/v2/help_center//hc/en-us/articles/360045706911
360045239532,Custom Dimension in the dataLayer,https://convert.zendesk.com/api/v2/help_center//hc/en-us/articles/360045239532
360044897352,How to test an exit popup,https://convert.zendesk.com/api/v2/help_center//hc/en-us/articles/360044897352
360045296411,Test different website menu order configurations,https://convert.zendesk.com/api/v2/help_center//hc/en-us/articles/360045296411
360044502391,How to exclude Google Shopping traffic into your experiment,https://convert.zendesk.com/api/v2/help_center//hc/en-us/articles/360044502391
360043994652,Integrate Convert Experiences with Wix,https://convert.zendesk.com/api/v2/help_center//hc/en-us/articles/360043994652
360043919492,Tracking Form Submission using a Javascript Triggered Goal,https://convert.zendesk.com/api/v2/help_center//hc/en-us/articles/360043919492
360044228451,What are Unique Tested Users?,https://convert.zendesk.com/api/v2/help_center//hc/en-us/articles/360044228451
360044171991,Live Logs for Projects and Experiments in Convert,https://convert.zendesk.com/api/v2/help_center//hc/en-us/articles/360044171991
360044054271,How to enable SSO Login feature for my Convert account?,https://convert.zendesk.com/api/v2/help_center//hc/en-us/articles/360044054271
360043492592,CNAME Feature,https://convert.zendesk.com/api/v2/help_center//hc/en-us/articles/360043492592
360042871212,Setting an end date for running an experiment.,https://convert.zendesk.com/api/v2/help_center//hc/en-us/articles/360042871212
360042473452,New Tracking Structure - Advanced Integrations,https://convert.zendesk.com/api/v2/help_center//hc/en-us/articles/360042473452
360042027131,Trigger experience changes when an element on the page is modified,https://convert.zendesk.com/api/v2/help_center//hc/en-us/articles/360042027131
360041246632,Target an experience to product pages of certain price,https://convert.zendesk.com/api/v2/help_center//hc/en-us/articles/360041246632
360041509491,New Convert Design: Tabs ,https://convert.zendesk.com/api/v2/help_center//hc/en-us/articles/360041509491
360040857771,Scheduling Experiences,https://convert.zendesk.com/api/v2/help_center//hc/en-us/articles/360040857771
360040023992,Integrate Convert Experiences with HubSpot,https://convert.zendesk.com/api/v2/help_center//hc/en-us/articles/360040023992
360039046832,Integrate Convert Experiences with Inspectlet,https://convert.zendesk.com/api/v2/help_center//hc/en-us/articles/360039046832
360038894052,Integrate Convert Experiences with Kissmetrics,https://convert.zendesk.com/api/v2/help_center//hc/en-us/articles/360038894052
360038214391,Check in which Convert Experiences you are part of,https://convert.zendesk.com/api/v2/help_center//hc/en-us/articles/360038214391
360037946851,Delay cookie writing until visitor consent is provided,https://convert.zendesk.com/api/v2/help_center//hc/en-us/articles/360037946851
360037227891,Hypotheses (Compass),https://convert.zendesk.com/api/v2/help_center//hc/en-us/articles/360037227891
360034677732,Inserting the variation CSS at the bottom of the body tag,https://convert.zendesk.com/api/v2/help_center//hc/en-us/articles/360034677732
360030902972,Trigger Convert polling when URL hash changes,https://convert.zendesk.com/api/v2/help_center//hc/en-us/articles/360030902972
360029428191,Integrate Convert Experiences with Jumplead,https://convert.zendesk.com/api/v2/help_center//hc/en-us/articles/360029428191
360029111672,Integrate Convert Experiences with Wigzo,https://convert.zendesk.com/api/v2/help_center//hc/en-us/articles/360029111672
360028893872,Use the Convert API,https://convert.zendesk.com/api/v2/help_center//hc/en-us/articles/360028893872
360028491292,Loading the Convert tracking code async while preventing flashing,https://convert.zendesk.com/api/v2/help_center//hc/en-us/articles/360028491292
360028787951,Selectively installing the convert tracking code only on some pages,https://convert.zendesk.com/api/v2/help_center//hc/en-us/articles/360028787951
360026131212,Safari and iOS ITP 2.1. Its effects on testing and what you can do about them.,https://convert.zendesk.com/api/v2/help_center//hc/en-us/articles/360026131212
360025897372,Support options,https://convert.zendesk.com/api/v2/help_center//hc/en-us/articles/360025897372
360025551592,Demandbase Integration,https://convert.zendesk.com/api/v2/help_center//hc/en-us/articles/360025551592
360025544112,Blocking certain visitors based on their IP address.,https://convert.zendesk.com/api/v2/help_center//hc/en-us/articles/360025544112
360025038432,Integrate Convert Experiences with Umbraco CMS,https://convert.zendesk.com/api/v2/help_center//hc/en-us/articles/360025038432
360024932732,Issues while editing websites on Bootstrap,https://convert.zendesk.com/api/v2/help_center//hc/en-us/articles/360024932732
360024920572,Integrate Convert Experiences with mParticle,https://convert.zendesk.com/api/v2/help_center//hc/en-us/articles/360024920572
360024549792,Third Party Cookie blocking (browser setting or plug-in),https://convert.zendesk.com/api/v2/help_center//hc/en-us/articles/360024549792
360024399211,How to create a CSS Selector for use in the Convert Experiences platform,https://convert.zendesk.com/api/v2/help_center//hc/en-us/articles/360024399211
360024188711,Integrate Convert Experiences with Keap,https://convert.zendesk.com/api/v2/help_center//hc/en-us/articles/360024188711
360024051531,Integrate Convert Experiences with Split.io,https://convert.zendesk.com/api/v2/help_center//hc/en-us/articles/360024051531
360023796072,Integrate Convert Experiences with Salesforce CRM,https://convert.zendesk.com/api/v2/help_center//hc/en-us/articles/360023796072
360023376251,Installing Convert Experiences on a  Vue.js app.,https://convert.zendesk.com/api/v2/help_center//hc/en-us/articles/360023376251
360022601292,Experiment based on page content,https://convert.zendesk.com/api/v2/help_center//hc/en-us/articles/360022601292
360022376032,Integrate Convert Experiences with Exponea,https://convert.zendesk.com/api/v2/help_center//hc/en-us/articles/360022376032
360022204452,Integrate Convert Experiences with Roistat,https://convert.zendesk.com/api/v2/help_center//hc/en-us/articles/360022204452
360021920072,Creating an AB test that switches the route on Angular,https://convert.zendesk.com/api/v2/help_center//hc/en-us/articles/360021920072
360021919232,Creating a Multipage Split URL experiment,https://convert.zendesk.com/api/v2/help_center//hc/en-us/articles/360021919232
360021916532,Advanced Goals,https://convert.zendesk.com/api/v2/help_center//hc/en-us/articles/360021916532
360021913552,Modifying elements that are lazy loaded,https://convert.zendesk.com/api/v2/help_center//hc/en-us/articles/360021913552
360022117651,Tracking multiple conversions with Convert,https://convert.zendesk.com/api/v2/help_center//hc/en-us/articles/360022117651
360021471032,Integrate Convert Experiences with Usabilla,https://convert.zendesk.com/api/v2/help_center//hc/en-us/articles/360021471032
360021561971,How to append a Variation ID as a parameter to page links,https://convert.zendesk.com/api/v2/help_center//hc/en-us/articles/360021561971
360021270991,Segmenting a Decrease Bounce Rate Goal,https://convert.zendesk.com/api/v2/help_center//hc/en-us/articles/360021270991
360020868732,React: Serving different modules based on Variation,https://convert.zendesk.com/api/v2/help_center//hc/en-us/articles/360020868732
360020740812,Split URL Visual Flow (Diagram),https://convert.zendesk.com/api/v2/help_center//hc/en-us/articles/360020740812
360020658792,Integrate Convert Experiences with Microsoft Clarity,https://convert.zendesk.com/api/v2/help_center//hc/en-us/articles/360020658792
360020566892,Google AMP and Convert Experiences,https://convert.zendesk.com/api/v2/help_center//hc/en-us/articles/360020566892
360020671451,React / Redux and Convert Experiences,https://convert.zendesk.com/api/v2/help_center//hc/en-us/articles/360020671451
360020350011,Creating a Convert Goal from a GTM Data Layer event,https://convert.zendesk.com/api/v2/help_center//hc/en-us/articles/360020350011
360019875012,How to include or exclude organic search engine traffic on an Experience,https://convert.zendesk.com/api/v2/help_center//hc/en-us/articles/360019875012
360019498251,Server Side Testing with PHP,https://convert.zendesk.com/api/v2/help_center//hc/en-us/articles/360019498251
360018236951,Protect your account with Two Factor Authentication,https://convert.zendesk.com/api/v2/help_center//hc/en-us/articles/360018236951
360017961312,Track User Changes with Change History,https://convert.zendesk.com/api/v2/help_center//hc/en-us/articles/360017961312
360017949492,Build Audiences based on Goal completions (Triggered Goal),https://convert.zendesk.com/api/v2/help_center//hc/en-us/articles/360017949492
360017947632,Weather Targeting Based on Current Local Conditions,https://convert.zendesk.com/api/v2/help_center//hc/en-us/articles/360017947632
360018215571,Measuring Page Scroll in Convert Experiences,https://convert.zendesk.com/api/v2/help_center//hc/en-us/articles/360018215571
360016370192,Maximum File Size for Images Uploaded via Visual Editor,https://convert.zendesk.com/api/v2/help_center//hc/en-us/articles/360016370192
360016461471,Test for cookie values on the Locations,https://convert.zendesk.com/api/v2/help_center//hc/en-us/articles/360016461471
360016125212,Integrate Convert Experiences with SAP Hybris,https://convert.zendesk.com/api/v2/help_center//hc/en-us/articles/360016125212
360016010672,How to Extend Jquery and use it along the convert._$() library. ,https://convert.zendesk.com/api/v2/help_center//hc/en-us/articles/360016010672
360016127931,Send variations as GA events to use advanced segments (audiences),https://convert.zendesk.com/api/v2/help_center//hc/en-us/articles/360016127931
360016109111,Assigning a Segment Programmatically,https://convert.zendesk.com/api/v2/help_center//hc/en-us/articles/360016109111
360015889992,Experiment Result / Reporting Discrepancies between Convert and other Systems,https://convert.zendesk.com/api/v2/help_center//hc/en-us/articles/360015889992
360015870371,Server Side Testing ,https://convert.zendesk.com/api/v2/help_center//hc/en-us/articles/360015870371
360015575392,Integrate Convert Experiences with Magento 2,https://convert.zendesk.com/api/v2/help_center//hc/en-us/articles/360015575392
360015225211,How to Integrate with Decibel Insights,https://convert.zendesk.com/api/v2/help_center//hc/en-us/articles/360015225211
360014348272,Integrate Convert Experiences with Snowplow Analytics,https://convert.zendesk.com/api/v2/help_center//hc/en-us/articles/360014348272
360013461271,Debugging Experiments on Mobile Devices,https://convert.zendesk.com/api/v2/help_center//hc/en-us/articles/360013461271
360013456431,Retrieving Experiment Configuration Data Programmatically,https://convert.zendesk.com/api/v2/help_center//hc/en-us/articles/360013456431
360013083491,"What's New at Convert as of August 10, 2018",https://convert.zendesk.com/api/v2/help_center//hc/en-us/articles/360013083491
360007281712,Integrate Convert Experiences with FullStory,https://convert.zendesk.com/api/v2/help_center//hc/en-us/articles/360007281712
360007008932,Integrate Convert Experiences with Microsoft Power BI,https://convert.zendesk.com/api/v2/help_center//hc/en-us/articles/360007008932
360004851052,Convert Experiences Basics,https://convert.zendesk.com/api/v2/help_center//hc/en-us/articles/360004851052
360004825952,Correct and improve traffic bucketing on uneven Split URL Experiments,https://convert.zendesk.com/api/v2/help_center//hc/en-us/articles/360004825952
360004166532,Integrate Convert Experiences with Ontraport,https://convert.zendesk.com/api/v2/help_center//hc/en-us/articles/360004166532
360004164392,Integrate Convert Experiences with Justuno,https://convert.zendesk.com/api/v2/help_center//hc/en-us/articles/360004164392
360004027772,Developing on localhost,https://convert.zendesk.com/api/v2/help_center//hc/en-us/articles/360004027772
360003026412,Integrate Convert Experiences with Active Campaign,https://convert.zendesk.com/api/v2/help_center//hc/en-us/articles/360003026412
360002950771,"What's New in Convert as of April 20, 2018",https://convert.zendesk.com/api/v2/help_center//hc/en-us/articles/360002950771
360002621331,Manual UTM tagging vs AdWords auto-tagging,https://convert.zendesk.com/api/v2/help_center//hc/en-us/articles/360002621331
360002108851,Change Account Email Address,https://convert.zendesk.com/api/v2/help_center//hc/en-us/articles/360002108851
360002013452,Integrate Convert Experiences with Parse.ly,https://convert.zendesk.com/api/v2/help_center//hc/en-us/articles/360002013452
360001830471,Update: Not to worry!  Regarding Console Warning: SSL Certificates Distrusted in Chrome M70,https://convert.zendesk.com/api/v2/help_center//hc/en-us/articles/360001830471
360001792632,Exclude bots from your experiments,https://convert.zendesk.com/api/v2/help_center//hc/en-us/articles/360001792632
360001755731,Integrate Convert Experiences with Customer.io,https://convert.zendesk.com/api/v2/help_center//hc/en-us/articles/360001755731
360001521951,Split Test Shopify Plus Theme Designs,https://convert.zendesk.com/api/v2/help_center//hc/en-us/articles/360001521951
360001500451,HTML 5 Geolocation,https://convert.zendesk.com/api/v2/help_center//hc/en-us/articles/360001500451
360001386891,MouseStats,https://convert.zendesk.com/api/v2/help_center//hc/en-us/articles/360001386891
360001361312,GDPR warnings,https://convert.zendesk.com/api/v2/help_center//hc/en-us/articles/360001361312
360001356312,"What's New in Convert as of March 1, 2018",https://convert.zendesk.com/api/v2/help_center//hc/en-us/articles/360001356312
360001268331,Domain does not belong to this project,https://convert.zendesk.com/api/v2/help_center//hc/en-us/articles/360001268331
360001144972,CloudFlare Rocketscript causes Blinking,https://convert.zendesk.com/api/v2/help_center//hc/en-us/articles/360001144972
360001108332,Statistical Confidence for RPV ,https://convert.zendesk.com/api/v2/help_center//hc/en-us/articles/360001108332
360001099812,Respect Browser Do Not Track Setting,https://convert.zendesk.com/api/v2/help_center//hc/en-us/articles/360001099812
360001030172,GDPR and ePrivacy,https://convert.zendesk.com/api/v2/help_center//hc/en-us/articles/360001030172
360000940871,Transfer Query Parameters from Original to a Variation that also has Query Parameters,https://convert.zendesk.com/api/v2/help_center//hc/en-us/articles/360000940871
360000556371,Tracking Plays of Embedded YouTube Videos,https://convert.zendesk.com/api/v2/help_center//hc/en-us/articles/360000556371
360000537171,Using Pingdom for Basic Monitoring,https://convert.zendesk.com/api/v2/help_center//hc/en-us/articles/360000537171
360000426551,Integrate Convert Experiences with New Relic,https://convert.zendesk.com/api/v2/help_center//hc/en-us/articles/360000426551
360000110432,Integrate Convert Experiences with Mapp,https://convert.zendesk.com/api/v2/help_center//hc/en-us/articles/360000110432
360000109311,Integrate Convert Experiences with Webtrends,https://convert.zendesk.com/api/v2/help_center//hc/en-us/articles/360000109311
360000107672,Integrate Convert Experiences with WooCommerce,https://convert.zendesk.com/api/v2/help_center//hc/en-us/articles/360000107672
360000105631,Integrate Convert Experiences with Oracle BlueKai,https://convert.zendesk.com/api/v2/help_center//hc/en-us/articles/360000105631
360000053791,Integrate Convert Experiences with Amplitude,https://convert.zendesk.com/api/v2/help_center//hc/en-us/articles/360000053791
360000057892,Integrate Convert Experiences with ContentSquare,https://convert.zendesk.com/api/v2/help_center//hc/en-us/articles/360000057892
115003942312,Integrate Convert Experiences with AT Internet,https://convert.zendesk.com/api/v2/help_center//hc/en-us/articles/115003942312
115003940312,Integrate Convert Experiences with comScore,https://convert.zendesk.com/api/v2/help_center//hc/en-us/articles/115003940312
115003926731,Integrate Convert Experiences with SessionCam,https://convert.zendesk.com/api/v2/help_center//hc/en-us/articles/115003926731
115003886171,Target visitors who have visited a specific page,https://convert.zendesk.com/api/v2/help_center//hc/en-us/articles/115003886171
115003794211,Tracking Twitter Interactions in Convert Experiments,https://convert.zendesk.com/api/v2/help_center//hc/en-us/articles/115003794211
115003789332,Avoid Cloaking Penalties with Convert Experiments,https://convert.zendesk.com/api/v2/help_center//hc/en-us/articles/115003789332
115003477892,Push Convert data to GA with Event Tracking,https://convert.zendesk.com/api/v2/help_center//hc/en-us/articles/115003477892
115003462052,Blank Website in Goal Editor,https://convert.zendesk.com/api/v2/help_center//hc/en-us/articles/115003462052
115003458192,Comparing Page Views Per Session Across Variations in Convert,https://convert.zendesk.com/api/v2/help_center//hc/en-us/articles/115003458192
115003249132,Even Distribution between Variations,https://convert.zendesk.com/api/v2/help_center//hc/en-us/articles/115003249132
115003172531,Testing different price points for a product,https://convert.zendesk.com/api/v2/help_center//hc/en-us/articles/115003172531
115003147372,Integrate Convert Experiences with Woopra,https://convert.zendesk.com/api/v2/help_center//hc/en-us/articles/115003147372
115003139031,Integrate Convert Experiences with Econda,https://convert.zendesk.com/api/v2/help_center//hc/en-us/articles/115003139031
115003147352,Integrate Convert Experiences with Clicky,https://convert.zendesk.com/api/v2/help_center//hc/en-us/articles/115003147352
115003073571,Integrate Convert Experiences with Eulerian Technologies,https://convert.zendesk.com/api/v2/help_center//hc/en-us/articles/115003073571
115003073331,Integrate Convert Experiences with Yandex,https://convert.zendesk.com/api/v2/help_center//hc/en-us/articles/115003073331
115003079292,Integrate Convert Experiences with GoSquared,https://convert.zendesk.com/api/v2/help_center//hc/en-us/articles/115003079292
115003073031,Integrate Convert Experiences with Ysance,https://convert.zendesk.com/api/v2/help_center//hc/en-us/articles/115003073031
115003034371,Integrate Convert Experiences with Matomo,https://convert.zendesk.com/api/v2/help_center//hc/en-us/articles/115003034371
115002997492,Integrate Convert Experiences with Segment,https://convert.zendesk.com/api/v2/help_center//hc/en-us/articles/115002997492
115002997192,Integrate Convert Experiences with Heap Analytics,https://convert.zendesk.com/api/v2/help_center//hc/en-us/articles/115002997192
115002995591,Integrate Convert Experiences with Mouseflow,https://convert.zendesk.com/api/v2/help_center//hc/en-us/articles/115002995591
115002984591,Integrate Convert Experiences with CNZZ Statistics,https://convert.zendesk.com/api/v2/help_center//hc/en-us/articles/115002984591
115002983212,Integrate Convert Experiences with Baidu Analytics,https://convert.zendesk.com/api/v2/help_center//hc/en-us/articles/115002983212
115002699312,Using Clearbit with Convert Experiences,https://convert.zendesk.com/api/v2/help_center//hc/en-us/articles/115002699312
115002680871,Integrate Convert Experiences with Adobe Analytics,https://convert.zendesk.com/api/v2/help_center//hc/en-us/articles/115002680871
115002527732,How Convert code snippet works: Order of Execution,https://convert.zendesk.com/api/v2/help_center//hc/en-us/articles/115002527732
115002251651,Tracking Marketo Form Submissions,https://convert.zendesk.com/api/v2/help_center//hc/en-us/articles/115002251651
115001904312,Improve Convert's snippet downloading speeds,https://convert.zendesk.com/api/v2/help_center//hc/en-us/articles/115001904312
115001417052,Verifying your Shopify setup,https://convert.zendesk.com/api/v2/help_center//hc/en-us/articles/115001417052
115001132271,Select Audience Type,https://convert.zendesk.com/api/v2/help_center//hc/en-us/articles/115001132271
115000995732,Create Custom Segments,https://convert.zendesk.com/api/v2/help_center//hc/en-us/articles/115000995732
115000612132,Running an Experience during a scheduled time period,https://convert.zendesk.com/api/v2/help_center//hc/en-us/articles/115000612132
115000414332,Running experiments simultaneously on a page or set of pages.,https://convert.zendesk.com/api/v2/help_center//hc/en-us/articles/115000414332
115000192251,How to determine if clicks in a new feature affect purchases,https://convert.zendesk.com/api/v2/help_center//hc/en-us/articles/115000192251
115000044591,Triggering a click goal on an element that its not part of the DOM when the page loads,https://convert.zendesk.com/api/v2/help_center//hc/en-us/articles/115000044591
115000041152,How to track an AJAX form submission,https://convert.zendesk.com/api/v2/help_center//hc/en-us/articles/115000041152
115000028552,Excluding/Including visitors that have been bucketed on another experiment,https://convert.zendesk.com/api/v2/help_center//hc/en-us/articles/115000028552
115000022071,Adding Invoice CC's,https://convert.zendesk.com/api/v2/help_center//hc/en-us/articles/115000022071
115000021251,Define an Advanced Audience,https://convert.zendesk.com/api/v2/help_center//hc/en-us/articles/115000021251
115000021231,Define an Audience from the Templates,https://convert.zendesk.com/api/v2/help_center//hc/en-us/articles/115000021231
115000020972,Adding tags to your Experiences,https://convert.zendesk.com/api/v2/help_center//hc/en-us/articles/115000020972
115000018331,What about Deployments? ,https://convert.zendesk.com/api/v2/help_center//hc/en-us/articles/115000018331
115000009891,Define Audiences for your Experience,https://convert.zendesk.com/api/v2/help_center//hc/en-us/articles/115000009891
115000009031,How to track revenue using GTM,https://convert.zendesk.com/api/v2/help_center//hc/en-us/articles/115000009031
115000007112,A/A Experiments,https://convert.zendesk.com/api/v2/help_center//hc/en-us/articles/115000007112
115000005552,Setting limits for Order Outliers,https://convert.zendesk.com/api/v2/help_center//hc/en-us/articles/115000005552
115000004632,Segmenting in Convert Using the dataLayer,https://convert.zendesk.com/api/v2/help_center//hc/en-us/articles/115000004632
114094839471,Creating a revenue goal that can show  cumulative revenue (not just first time),https://convert.zendesk.com/api/v2/help_center//hc/en-us/articles/114094839471
114094130151,Disable AB testing,https://convert.zendesk.com/api/v2/help_center//hc/en-us/articles/114094130151
114094125611,What are Locations?,https://convert.zendesk.com/api/v2/help_center//hc/en-us/articles/114094125611
114094172732,How to enable Hotjar heatmaps or surveys for a variation,https://convert.zendesk.com/api/v2/help_center//hc/en-us/articles/114094172732
114094164352,Bucketing Visitors into an Experiment and Variation Programmatically,https://convert.zendesk.com/api/v2/help_center//hc/en-us/articles/114094164352
114093992211,Custom Prebuilt Goals,https://convert.zendesk.com/api/v2/help_center//hc/en-us/articles/114093992211
210711786,Adding a parameter to a Split URL variation while transferring the query parameters.,https://convert.zendesk.com/api/v2/help_center//hc/en-us/articles/210711786
210581203,convert._$  vs. convert.$,https://convert.zendesk.com/api/v2/help_center//hc/en-us/articles/210581203
208831326,Manually activate experiment,https://convert.zendesk.com/api/v2/help_center//hc/en-us/articles/208831326
208445746,Page loaded through proxy inside the Visual Editor - tracking code installed,https://convert.zendesk.com/api/v2/help_center//hc/en-us/articles/208445746
209690353,My changes created on the Visual Editor don't get saved when using Squarespace,https://convert.zendesk.com/api/v2/help_center//hc/en-us/articles/209690353
208065096,Pushing Convert Experiences Data to Formstack Submissions,https://convert.zendesk.com/api/v2/help_center//hc/en-us/articles/208065096
207993543,Prevent Block Scraping Technology from Blocking Convert's Visual Editor,https://convert.zendesk.com/api/v2/help_center//hc/en-us/articles/207993543
207432633,Test Click Goals to make sure they target the right elements,https://convert.zendesk.com/api/v2/help_center//hc/en-us/articles/207432633
206833043,How to prevent breaking your website after creating a variation and how to fix it.,https://convert.zendesk.com/api/v2/help_center//hc/en-us/articles/206833043
206479336,Hotjar Integration,https://convert.zendesk.com/api/v2/help_center//hc/en-us/articles/206479336
206631623,Target experiment based on a custom Javascript condition that evaluates true at a later stage,https://convert.zendesk.com/api/v2/help_center//hc/en-us/articles/206631623
206255363,“Browse” mode is not displaying variation changes in the Visual Editor.,https://convert.zendesk.com/api/v2/help_center//hc/en-us/articles/206255363
205600783,Integrating BigCommerce,https://convert.zendesk.com/api/v2/help_center//hc/en-us/articles/205600783
205463513,Legacy Clicky Integration (for reference only),https://convert.zendesk.com/api/v2/help_center//hc/en-us/articles/205463513
206481485,Previewing Your Variations in Any URL,https://convert.zendesk.com/api/v2/help_center//hc/en-us/articles/206481485
204701309,Do not include jQuery into the tracking scripts,https://convert.zendesk.com/api/v2/help_center//hc/en-us/articles/204701309
205175245,How to Change the Name of My Experiment Once It's Created?,https://convert.zendesk.com/api/v2/help_center//hc/en-us/articles/205175245
205175235,How to Quickly Check if Convert Experiments is Sending Data to Third Party Vendors?,https://convert.zendesk.com/api/v2/help_center//hc/en-us/articles/205175235
205175225,How to Make Sure My Results are Statistically Significant,https://convert.zendesk.com/api/v2/help_center//hc/en-us/articles/205175225
204521249,How to Clone an Experiment?,https://convert.zendesk.com/api/v2/help_center//hc/en-us/articles/204521249
204521239,How Do I Save Money by Switching to Yearly Billing?,https://convert.zendesk.com/api/v2/help_center//hc/en-us/articles/204521239
204521219,How Do I Upgrade My Subscription?,https://convert.zendesk.com/api/v2/help_center//hc/en-us/articles/204521219
205175195,How to Change the Credit Card Info on My Account?,https://convert.zendesk.com/api/v2/help_center//hc/en-us/articles/205175195
205160325,"My Experiments Stopped, What Happened?",https://convert.zendesk.com/api/v2/help_center//hc/en-us/articles/205160325
205160055,How to Create Your Own Opt-out Script,https://convert.zendesk.com/api/v2/help_center//hc/en-us/articles/205160055
204495499,Add Revenue Tracking to Your Site,https://convert.zendesk.com/api/v2/help_center//hc/en-us/articles/204495499
205152785,"Targeting Mobile, Tablet, and Desktop",https://convert.zendesk.com/api/v2/help_center//hc/en-us/articles/205152785
205151065,Collaborators - Share With Multiple Users / Accounts,https://convert.zendesk.com/api/v2/help_center//hc/en-us/articles/205151065
204490289,Experiment Report,https://convert.zendesk.com/api/v2/help_center//hc/en-us/articles/204490289
360002916272,Data Processing Agreement,https://convert.zendesk.com/api/v2/help_center//hc/en-us/articles/360002916272
115000006251,"Project, Experience, Variation Javascript",https://convert.zendesk.com/api/v2/help_center//hc/en-us/articles/115000006251
205160585,Can I Target Visitors/Users by Language?,https://convert.zendesk.com/api/v2/help_center//hc/en-us/articles/205160585
205160565,How Do I Stop or Start Variations During an Active Test?,https://convert.zendesk.com/api/v2/help_center//hc/en-us/articles/205160565
204506869,Where Do I Find My Billing Details?,https://convert.zendesk.com/api/v2/help_center//hc/en-us/articles/204506869
204506819,Check if Convert Experiences Is Installed Correctly,https://convert.zendesk.com/api/v2/help_center//hc/en-us/articles/204506819
204506409,Reset Experiment Data,https://convert.zendesk.com/api/v2/help_center//hc/en-us/articles/204506409
205150985,What is a Project?,https://convert.zendesk.com/api/v2/help_center//hc/en-us/articles/205150985
360002915312,Data Privacy Impact Assessment,https://convert.zendesk.com/api/v2/help_center//hc/en-us/articles/360002915312
205160285,Convert Experiences for Wordpress,https://convert.zendesk.com/api/v2/help_center//hc/en-us/articles/205160285
205160065,"How Do I Find My ""Project Number""",https://convert.zendesk.com/api/v2/help_center//hc/en-us/articles/205160065
205160025,Disable Body Hiding in Convert Experiences,https://convert.zendesk.com/api/v2/help_center//hc/en-us/articles/205160025
205159965,Targeting Experiments and Firing Goals Based on a JavaScript Condition,https://convert.zendesk.com/api/v2/help_center//hc/en-us/articles/205159965
204506359,Reading Triggered Experiment Data for Using it in Third Party Systems,https://convert.zendesk.com/api/v2/help_center//hc/en-us/articles/204506359
204494129,Blocking or Excluding IP Addresses,https://convert.zendesk.com/api/v2/help_center//hc/en-us/articles/204494129
204494049,What is an Experiment?,https://convert.zendesk.com/api/v2/help_center//hc/en-us/articles/204494049
360012210052,Types of Experiences,https://convert.zendesk.com/api/v2/help_center//hc/en-us/articles/360012210052
115000036811,Showing a Variation Change Only in the First Visit,https://convert.zendesk.com/api/v2/help_center//hc/en-us/articles/115000036811
114094183412,Variation Code FAQ,https://convert.zendesk.com/api/v2/help_center//hc/en-us/articles/114094183412
204522319,Do You Do Demos?,https://convert.zendesk.com/api/v2/help_center//hc/en-us/articles/204522319
205160435,How do I add my CSS to a variation?,https://convert.zendesk.com/api/v2/help_center//hc/en-us/articles/205160435
205160275,Lander (LanderApp) Landing-Pages & Convert Experiences,https://convert.zendesk.com/api/v2/help_center//hc/en-us/articles/205160275
205160015,Cookie Targeting,https://convert.zendesk.com/api/v2/help_center//hc/en-us/articles/205160015
204506339,Prevent Experiment Details Data Leak with Data Anonymization,https://convert.zendesk.com/api/v2/help_center//hc/en-us/articles/204506339
204494109,Goals,https://convert.zendesk.com/api/v2/help_center//hc/en-us/articles/204494109
204506729,Finding Problems In Your Experiment Installation - A/A Testing,https://convert.zendesk.com/api/v2/help_center//hc/en-us/articles/204506729
204506559,Unbounce Landing Pages & Convert Experiences,https://convert.zendesk.com/api/v2/help_center//hc/en-us/articles/204506559
204495459,How do I Import Goals from Google Analytics?,https://convert.zendesk.com/api/v2/help_center//hc/en-us/articles/204495459
204494279,Allow/Disable Over Quota Usage,https://convert.zendesk.com/api/v2/help_center//hc/en-us/articles/204494279
204494189,"Audience - Targeting Visitors, Users, Clients and People",https://convert.zendesk.com/api/v2/help_center//hc/en-us/articles/204494189
205107815,Create a New Experience,https://convert.zendesk.com/api/v2/help_center//hc/en-us/articles/205107815
115001735591,What experiments are included with the tracking code snippet?,https://convert.zendesk.com/api/v2/help_center//hc/en-us/articles/115001735591
